link,0,4 Plex 2020,4 Plex 2030,4 Plex 2040,4 Plex 2050,4 Plex 2060,4 Plex 2070,4 Plex 2080,4 Plex 2090,4 Plex 2100,38
link,1,Duplex: Sustainable 2020,Duplex: Sustainable 2030,Duplex: Sustainable 2040,Duplex: Sustainable 2050,Duplex: Sustainable 2060,Duplex: Sustainable 2070,Duplex: Sustainable 2080,Duplex: Sustainable 2090,Duplex: Sustainable 2100,21
link,2,4 Plex 2020,4 Plex 2030,4 Plex 2040,4 Plex 2050,4 Plex 2060,4 Plex 2070,4 Plex 2080,4 Plex 2090,4 Plex 2100,12
link,3,4 Plex 2020,4 Plex 2030,4 Plex 2040,4 Plex 2050,4 Plex 2060,4 Plex 2070,4 Plex 2080,4 Plex 2090,4 Plex 2100,17
link,4,8 Plex 2020,8 Plex 2030,8 Plex 2040,8 Plex 2050,8 Plex 2060,8 Plex 2070,8 Plex 2080,8 Plex 2090,8 Plex 2100,9
link,5,Townhome, Medium Density: Sustainable 2020,Townhome, Medium Density: Sustainable 2030,Townhome, Medium Density: Sustainable 2040,Townhome, Medium Density: Sustainable 2050,Townhome, Medium Density: Sustainable 2060,Townhome, Medium Density: Sustainable 2070,Townhome, Medium Density: Sustainable 2080,Townhome, Medium Density: Sustainable 2090,Townhome, Medium Density: Sustainable 2100,2
link,6,Townhome High Density 2020,Townhome High Density 2030,Townhome High Density 2040,Townhome High Density 2050,Townhome High Density 2060,Townhome High Density 2070,Townhome High Density 2080,Townhome High Density 2090,Townhome High Density 2100,5
link,7,8 Plex 2020,8 Plex 2030,8 Plex 2040,8 Plex 2050,8 Plex 2060,8 Plex 2070,8 Plex 2080,8 Plex 2090,8 Plex 2100,5
link,8,Townhome, Medium Density: Sustainable 2020,Townhome, Medium Density: Sustainable 2030,Townhome, Medium Density: Sustainable 2040,Townhome, Medium Density: Sustainable 2050,Townhome, Medium Density: Sustainable 2060,Townhome, Medium Density: Sustainable 2070,Townhome, Medium Density: Sustainable 2080,Townhome, Medium Density: Sustainable 2090,Townhome, Medium Density: Sustainable 2100,1
link,9,Townhome High Density 2020,Townhome High Density 2030,Townhome High Density 2040,Townhome High Density 2050,Townhome High Density 2060,Townhome High Density 2070,Townhome High Density 2080,Townhome High Density 2090,Townhome High Density 2100,4
link,10,Mixed Use 2 Stories 2020,Mixed Use 2 Stories 2030,Mixed Use 2 Stories 2040,Mixed Use 2 Stories 2050,Mixed Use 2 Stories 2060,Mixed Use 2 Stories 2070,Mixed Use 2 Stories 2080,Mixed Use 2 Stories 2090,Mixed Use 2 Stories 2100,2
link,11,Mixed Use 3 Stories 2020,Mixed Use 3 Stories 2030,Mixed Use 3 Stories 2040,Mixed Use 3 Stories 2050,Mixed Use 3 Stories 2060,Mixed Use 3 Stories 2070,Mixed Use 3 Stories 2080,Mixed Use 3 Stories 2090,Mixed Use 3 Stories 2100,0
link,12,Mixed Use 8 Stories 2020,Mixed Use 8 Stories 2030,Mixed Use 8 Stories 2040,Mixed Use 8 Stories 2050,Mixed Use 8 Stories 2060,Mixed Use 8 Stories 2070,Mixed Use 8 Stories 2080,Mixed Use 8 Stories 2090,Mixed Use 8 Stories 2100,0
link,13,Mixed Use 5 Stories 2020,Mixed Use 5 Stories 2030,Mixed Use 5 Stories 2040,Mixed Use 5 Stories 2050,Mixed Use 5 Stories 2060,Mixed Use 5 Stories 2070,Mixed Use 5 Stories 2080,Mixed Use 5 Stories 2090,Mixed Use 5 Stories 2100,0
link,14,Medical Office 2020,Medical Office 2030,Medical Office 2040,Medical Office 2050,Medical Office 2060,Medical Office 2070,Medical Office 2080,Medical Office 2090,Medical Office 2100,0
link,15,Mixed Use 3 Stories 2020,Mixed Use 3 Stories 2030,Mixed Use 3 Stories 2040,Mixed Use 3 Stories 2050,Mixed Use 3 Stories 2060,Mixed Use 3 Stories 2070,Mixed Use 3 Stories 2080,Mixed Use 3 Stories 2090,Mixed Use 3 Stories 2100,1
link,16,Mixed Use 2 Stories 2020,Mixed Use 2 Stories 2030,Mixed Use 2 Stories 2040,Mixed Use 2 Stories 2050,Mixed Use 2 Stories 2060,Mixed Use 2 Stories 2070,Mixed Use 2 Stories 2080,Mixed Use 2 Stories 2090,Mixed Use 2 Stories 2100,2
link,17,Mixed Use 5 Stories 2020,Mixed Use 5 Stories 2030,Mixed Use 5 Stories 2040,Mixed Use 5 Stories 2050,Mixed Use 5 Stories 2060,Mixed Use 5 Stories 2070,Mixed Use 5 Stories 2080,Mixed Use 5 Stories 2090,Mixed Use 5 Stories 2100,0
link,18,Mixed Use 8 Stories 2020,Mixed Use 8 Stories 2030,Mixed Use 8 Stories 2040,Mixed Use 8 Stories 2050,Mixed Use 8 Stories 2060,Mixed Use 8 Stories 2070,Mixed Use 8 Stories 2080,Mixed Use 8 Stories 2090,Mixed Use 8 Stories 2100,0
link,19,Mixed Use 2 Stories 2020,Mixed Use 2 Stories 2030,Mixed Use 2 Stories 2040,Mixed Use 2 Stories 2050,Mixed Use 2 Stories 2060,Mixed Use 2 Stories 2070,Mixed Use 2 Stories 2080,Mixed Use 2 Stories 2090,Mixed Use 2 Stories 2100,0
link,20,Mixed Use 8 Stories 2020,Mixed Use 8 Stories 2030,Mixed Use 8 Stories 2040,Mixed Use 8 Stories 2050,Mixed Use 8 Stories 2060,Mixed Use 8 Stories 2070,Mixed Use 8 Stories 2080,Mixed Use 8 Stories 2090,Mixed Use 8 Stories 2100,0
link,21,Mid Rise Office 2020,Mid Rise Office 2030,Mid Rise Office 2040,Mid Rise Office 2050,Mid Rise Office 2060,Mid Rise Office 2070,Mid Rise Office 2080,Mid Rise Office 2090,Mid Rise Office 2100,0
link,22,Mixed Use 2 Stories 2020,Mixed Use 2 Stories 2030,Mixed Use 2 Stories 2040,Mixed Use 2 Stories 2050,Mixed Use 2 Stories 2060,Mixed Use 2 Stories 2070,Mixed Use 2 Stories 2080,Mixed Use 2 Stories 2090,Mixed Use 2 Stories 2100,0
link,23,Mid Rise Office 2020,Mid Rise Office 2030,Mid Rise Office 2040,Mid Rise Office 2050,Mid Rise Office 2060,Mid Rise Office 2070,Mid Rise Office 2080,Mid Rise Office 2090,Mid Rise Office 2100,0
link,24,Mixed Use 3 Stories 2020,Mixed Use 3 Stories 2030,Mixed Use 3 Stories 2040,Mixed Use 3 Stories 2050,Mixed Use 3 Stories 2060,Mixed Use 3 Stories 2070,Mixed Use 3 Stories 2080,Mixed Use 3 Stories 2090,Mixed Use 3 Stories 2100,0
link,25,Multifamily, 3-story: Sustainable 2020,Multifamily, 3-story: Sustainable 2030,Multifamily, 3-story: Sustainable 2040,Multifamily, 3-story: Sustainable 2050,Multifamily, 3-story: Sustainable 2060,Multifamily, 3-story: Sustainable 2070,Multifamily, 3-story: Sustainable 2080,Multifamily, 3-story: Sustainable 2090,Multifamily, 3-story: Sustainable 2100,0
link,26,Multifamily, 6-story: Sustainable 2020,Multifamily, 6-story: Sustainable 2030,Multifamily, 6-story: Sustainable 2040,Multifamily, 6-story: Sustainable 2050,Multifamily, 6-story: Sustainable 2060,Multifamily, 6-story: Sustainable 2070,Multifamily, 6-story: Sustainable 2080,Multifamily, 6-story: Sustainable 2090,Multifamily, 6-story: Sustainable 2100,0
link,27,Multifamily, 3-story: Sustainable 2020,Multifamily, 3-story: Sustainable 2030,Multifamily, 3-story: Sustainable 2040,Multifamily, 3-story: Sustainable 2050,Multifamily, 3-story: Sustainable 2060,Multifamily, 3-story: Sustainable 2070,Multifamily, 3-story: Sustainable 2080,Multifamily, 3-story: Sustainable 2090,Multifamily, 3-story: Sustainable 2100,0
link,28,Multifamily, 6-story: Sustainable 2020,Multifamily, 6-story: Sustainable 2030,Multifamily, 6-story: Sustainable 2040,Multifamily, 6-story: Sustainable 2050,Multifamily, 6-story: Sustainable 2060,Multifamily, 6-story: Sustainable 2070,Multifamily, 6-story: Sustainable 2080,Multifamily, 6-story: Sustainable 2090,Multifamily, 6-story: Sustainable 2100,0
link,29,Townhome High Density 2020,Townhome High Density 2030,Townhome High Density 2040,Townhome High Density 2050,Townhome High Density 2060,Townhome High Density 2070,Townhome High Density 2080,Townhome High Density 2090,Townhome High Density 2100,1
link,30,Skinny Lot Single Family - 2,500 sq ft 2020,4 Plex 2030,4 Plex 2040,4 Plex 2050,4 Plex 2060,4 Plex 2070,4 Plex 2080,4 Plex 2090,4 Plex 2100,120
link,31,Skinny Lot Single Family - 2,500 sq ft 2020,Duplex: Sustainable 2030,Duplex: Sustainable 2040,Duplex: Sustainable 2050,Duplex: Sustainable 2060,Duplex: Sustainable 2070,Duplex: Sustainable 2080,Duplex: Sustainable 2090,Duplex: Sustainable 2100,48
link,32,Small Lot Single Family 2020,4 Plex 2030,4 Plex 2040,4 Plex 2050,4 Plex 2060,4 Plex 2070,4 Plex 2080,4 Plex 2090,4 Plex 2100,34
link,33,Single Family Cottage 2020,4 Plex 2030,4 Plex 2040,4 Plex 2050,4 Plex 2060,4 Plex 2070,4 Plex 2080,4 Plex 2090,4 Plex 2100,79
link,34,Single Family Standard Lot 2020,8 Plex 2030,8 Plex 2040,8 Plex 2050,8 Plex 2060,8 Plex 2070,8 Plex 2080,8 Plex 2090,8 Plex 2100,56
link,35,Single Family Large Lot 2020,Townhome, Medium Density: Sustainable 2030,Townhome, Medium Density: Sustainable 2040,Townhome, Medium Density: Sustainable 2050,Townhome, Medium Density: Sustainable 2060,Townhome, Medium Density: Sustainable 2070,Townhome, Medium Density: Sustainable 2080,Townhome, Medium Density: Sustainable 2090,Townhome, Medium Density: Sustainable 2100,11
link,36,Single Family Large Lot 2020,Townhome High Density 2030,Townhome High Density 2040,Townhome High Density 2050,Townhome High Density 2060,Townhome High Density 2070,Townhome High Density 2080,Townhome High Density 2090,Townhome High Density 2100,13
link,37,Single Family Medium-Large Lot 2020,8 Plex 2030,8 Plex 2040,8 Plex 2050,8 Plex 2060,8 Plex 2070,8 Plex 2080,8 Plex 2090,8 Plex 2100,18
link,38,Single Family Medium-Large Lot 2020,Townhome, Medium Density: Sustainable 2030,Townhome, Medium Density: Sustainable 2040,Townhome, Medium Density: Sustainable 2050,Townhome, Medium Density: Sustainable 2060,Townhome, Medium Density: Sustainable 2070,Townhome, Medium Density: Sustainable 2080,Townhome, Medium Density: Sustainable 2090,Townhome, Medium Density: Sustainable 2100,8
link,39,Single Family Estate 2020,Townhome High Density 2030,Townhome High Density 2040,Townhome High Density 2050,Townhome High Density 2060,Townhome High Density 2070,Townhome High Density 2080,Townhome High Density 2090,Townhome High Density 2100,13
link,40,Townhome, Medium Density 2020,Mixed Use 2 Stories 2030,Mixed Use 2 Stories 2040,Mixed Use 2 Stories 2050,Mixed Use 2 Stories 2060,Mixed Use 2 Stories 2070,Mixed Use 2 Stories 2080,Mixed Use 2 Stories 2090,Mixed Use 2 Stories 2100,13
link,41,Townhome, Medium Density 2020,Mixed Use 3 Stories 2030,Mixed Use 3 Stories 2040,Mixed Use 3 Stories 2050,Mixed Use 3 Stories 2060,Mixed Use 3 Stories 2070,Mixed Use 3 Stories 2080,Mixed Use 3 Stories 2090,Mixed Use 3 Stories 2100,0
link,42,Townhome, Medium Density 2020,Mixed Use 8 Stories 2030,Mixed Use 8 Stories 2040,Mixed Use 8 Stories 2050,Mixed Use 8 Stories 2060,Mixed Use 8 Stories 2070,Mixed Use 8 Stories 2080,Mixed Use 8 Stories 2090,Mixed Use 8 Stories 2100,0
link,43,Townhome, Medium Density 2020,Mixed Use 5 Stories 2030,Mixed Use 5 Stories 2040,Mixed Use 5 Stories 2050,Mixed Use 5 Stories 2060,Mixed Use 5 Stories 2070,Mixed Use 5 Stories 2080,Mixed Use 5 Stories 2090,Mixed Use 5 Stories 2100,0
link,44,Townhome, Medium Density 2020,Medical Office 2030,Medical Office 2040,Medical Office 2050,Medical Office 2060,Medical Office 2070,Medical Office 2080,Medical Office 2090,Medical Office 2100,0
link,45,Single Family Cottage 2020,Mixed Use 3 Stories 2030,Mixed Use 3 Stories 2040,Mixed Use 3 Stories 2050,Mixed Use 3 Stories 2060,Mixed Use 3 Stories 2070,Mixed Use 3 Stories 2080,Mixed Use 3 Stories 2090,Mixed Use 3 Stories 2100,1
link,46,Single Family Cottage 2020,Mixed Use 2 Stories 2030,Mixed Use 2 Stories 2040,Mixed Use 2 Stories 2050,Mixed Use 2 Stories 2060,Mixed Use 2 Stories 2070,Mixed Use 2 Stories 2080,Mixed Use 2 Stories 2090,Mixed Use 2 Stories 2100,5
link,47,Single Family Cottage 2020,Mixed Use 5 Stories 2030,Mixed Use 5 Stories 2040,Mixed Use 5 Stories 2050,Mixed Use 5 Stories 2060,Mixed Use 5 Stories 2070,Mixed Use 5 Stories 2080,Mixed Use 5 Stories 2090,Mixed Use 5 Stories 2100,0
link,48,Single Family Cottage 2020,Mixed Use 8 Stories 2030,Mixed Use 8 Stories 2040,Mixed Use 8 Stories 2050,Mixed Use 8 Stories 2060,Mixed Use 8 Stories 2070,Mixed Use 8 Stories 2080,Mixed Use 8 Stories 2090,Mixed Use 8 Stories 2100,0
link,49,Mixed Use 2 Stories 2020,Mixed Use 2 Stories 2030,Mixed Use 2 Stories 2040,Mixed Use 2 Stories 2050,Mixed Use 2 Stories 2060,Mixed Use 2 Stories 2070,Mixed Use 2 Stories 2080,Mixed Use 2 Stories 2090,Mixed Use 2 Stories 2100,1
link,50,Mixed Use 2 Stories 2020,Mixed Use 8 Stories 2030,Mixed Use 8 Stories 2040,Mixed Use 8 Stories 2050,Mixed Use 8 Stories 2060,Mixed Use 8 Stories 2070,Mixed Use 8 Stories 2080,Mixed Use 8 Stories 2090,Mixed Use 8 Stories 2100,0
link,51,Mixed Use 2 Stories 2020,Mid Rise Office 2030,Mid Rise Office 2040,Mid Rise Office 2050,Mid Rise Office 2060,Mid Rise Office 2070,Mid Rise Office 2080,Mid Rise Office 2090,Mid Rise Office 2100,0
link,52,Low Density Commercial 2020,Mixed Use 2 Stories 2030,Mixed Use 2 Stories 2040,Mixed Use 2 Stories 2050,Mixed Use 2 Stories 2060,Mixed Use 2 Stories 2070,Mixed Use 2 Stories 2080,Mixed Use 2 Stories 2090,Mixed Use 2 Stories 2100,0
link,53,Mixed Use 3 Stories 2020,Mid Rise Office 2030,Mid Rise Office 2040,Mid Rise Office 2050,Mid Rise Office 2060,Mid Rise Office 2070,Mid Rise Office 2080,Mid Rise Office 2090,Mid Rise Office 2100,0
link,54,Mixed Use 3 Stories 2020,Mixed Use 3 Stories 2030,Mixed Use 3 Stories 2040,Mixed Use 3 Stories 2050,Mixed Use 3 Stories 2060,Mixed Use 3 Stories 2070,Mixed Use 3 Stories 2080,Mixed Use 3 Stories 2090,Mixed Use 3 Stories 2100,0
link,55,Multifamily, 6-story 2020,Multifamily, 3-story: Sustainable 2030,Multifamily, 3-story: Sustainable 2040,Multifamily, 3-story: Sustainable 2050,Multifamily, 3-story: Sustainable 2060,Multifamily, 3-story: Sustainable 2070,Multifamily, 3-story: Sustainable 2080,Multifamily, 3-story: Sustainable 2090,Multifamily, 3-story: Sustainable 2100,0
link,56,Multifamily, 6-story 2020,Multifamily, 6-story: Sustainable 2030,Multifamily, 6-story: Sustainable 2040,Multifamily, 6-story: Sustainable 2050,Multifamily, 6-story: Sustainable 2060,Multifamily, 6-story: Sustainable 2070,Multifamily, 6-story: Sustainable 2080,Multifamily, 6-story: Sustainable 2090,Multifamily, 6-story: Sustainable 2100,0
link,57,Multifamily, 3 Story 2020,Multifamily, 3-story: Sustainable 2030,Multifamily, 3-story: Sustainable 2040,Multifamily, 3-story: Sustainable 2050,Multifamily, 3-story: Sustainable 2060,Multifamily, 3-story: Sustainable 2070,Multifamily, 3-story: Sustainable 2080,Multifamily, 3-story: Sustainable 2090,Multifamily, 3-story: Sustainable 2100,0
link,58,Multifamily, 3 Story 2020,Multifamily, 6-story: Sustainable 2030,Multifamily, 6-story: Sustainable 2040,Multifamily, 6-story: Sustainable 2050,Multifamily, 6-story: Sustainable 2060,Multifamily, 6-story: Sustainable 2070,Multifamily, 6-story: Sustainable 2080,Multifamily, 6-story: Sustainable 2090,Multifamily, 6-story: Sustainable 2100,1
link,59,Multifamily, 2 Story 2020,Townhome High Density 2030,Townhome High Density 2040,Townhome High Density 2050,Townhome High Density 2060,Townhome High Density 2070,Townhome High Density 2080,Townhome High Density 2090,Townhome High Density 2100,3
link,60,Skinny Lot Single Family - 2,500 sq ft 2020,Skinny Lot Single Family - 2,500 sq ft 2030,4 Plex 2040,4 Plex 2050,4 Plex 2060,4 Plex 2070,4 Plex 2080,4 Plex 2090,4 Plex 2100,263
link,61,Skinny Lot Single Family - 2,500 sq ft 2020,Skinny Lot Single Family - 2,500 sq ft 2030,Duplex: Sustainable 2040,Duplex: Sustainable 2050,Duplex: Sustainable 2060,Duplex: Sustainable 2070,Duplex: Sustainable 2080,Duplex: Sustainable 2090,Duplex: Sustainable 2100,64
link,62,Small Lot Single Family 2020,Small Lot Single Family 2030,4 Plex 2040,4 Plex 2050,4 Plex 2060,4 Plex 2070,4 Plex 2080,4 Plex 2090,4 Plex 2100,59
link,63,Single Family Cottage 2020,Single Family Cottage 2030,4 Plex 2040,4 Plex 2050,4 Plex 2060,4 Plex 2070,4 Plex 2080,4 Plex 2090,4 Plex 2100,145
link,64,Single Family Standard Lot 2020,Single Family Standard Lot 2030,8 Plex 2040,8 Plex 2050,8 Plex 2060,8 Plex 2070,8 Plex 2080,8 Plex 2090,8 Plex 2100,85
link,65,Single Family Large Lot 2020,Single Family Large Lot 2030,Townhome, Medium Density: Sustainable 2040,Townhome, Medium Density: Sustainable 2050,Townhome, Medium Density: Sustainable 2060,Townhome, Medium Density: Sustainable 2070,Townhome, Medium Density: Sustainable 2080,Townhome, Medium Density: Sustainable 2090,Townhome, Medium Density: Sustainable 2100,12
link,66,Single Family Large Lot 2020,Single Family Large Lot 2030,Townhome High Density 2040,Townhome High Density 2050,Townhome High Density 2060,Townhome High Density 2070,Townhome High Density 2080,Townhome High Density 2090,Townhome High Density 2100,15
link,67,Single Family Medium-Large Lot 2020,Single Family Medium-Large Lot 2030,8 Plex 2040,8 Plex 2050,8 Plex 2060,8 Plex 2070,8 Plex 2080,8 Plex 2090,8 Plex 2100,20
link,68,Single Family Medium-Large Lot 2020,Single Family Medium-Large Lot 2030,Townhome, Medium Density: Sustainable 2040,Townhome, Medium Density: Sustainable 2050,Townhome, Medium Density: Sustainable 2060,Townhome, Medium Density: Sustainable 2070,Townhome, Medium Density: Sustainable 2080,Townhome, Medium Density: Sustainable 2090,Townhome, Medium Density: Sustainable 2100,8
link,69,Single Family Estate 2020,Single Family Estate 2030,Townhome High Density 2040,Townhome High Density 2050,Townhome High Density 2060,Townhome High Density 2070,Townhome High Density 2080,Townhome High Density 2090,Townhome High Density 2100,16
link,70,Townhome, Medium Density 2020,Townhome, Medium Density 2030,Mixed Use 2 Stories 2040,Mixed Use 2 Stories 2050,Mixed Use 2 Stories 2060,Mixed Use 2 Stories 2070,Mixed Use 2 Stories 2080,Mixed Use 2 Stories 2090,Mixed Use 2 Stories 2100,20
link,71,Townhome, Medium Density 2020,Townhome, Medium Density 2030,Mixed Use 3 Stories 2040,Mixed Use 3 Stories 2050,Mixed Use 3 Stories 2060,Mixed Use 3 Stories 2070,Mixed Use 3 Stories 2080,Mixed Use 3 Stories 2090,Mixed Use 3 Stories 2100,0
link,72,Townhome, Medium Density 2020,Townhome, Medium Density 2030,Mixed Use 8 Stories 2040,Mixed Use 8 Stories 2050,Mixed Use 8 Stories 2060,Mixed Use 8 Stories 2070,Mixed Use 8 Stories 2080,Mixed Use 8 Stories 2090,Mixed Use 8 Stories 2100,0
link,73,Townhome, Medium Density 2020,Townhome, Medium Density 2030,Mixed Use 5 Stories 2040,Mixed Use 5 Stories 2050,Mixed Use 5 Stories 2060,Mixed Use 5 Stories 2070,Mixed Use 5 Stories 2080,Mixed Use 5 Stories 2090,Mixed Use 5 Stories 2100,1
link,74,Townhome, Medium Density 2020,Townhome, Medium Density 2030,Medical Office 2040,Medical Office 2050,Medical Office 2060,Medical Office 2070,Medical Office 2080,Medical Office 2090,Medical Office 2100,0
link,75,Single Family Cottage 2020,Single Family Cottage 2030,Mixed Use 3 Stories 2040,Mixed Use 3 Stories 2050,Mixed Use 3 Stories 2060,Mixed Use 3 Stories 2070,Mixed Use 3 Stories 2080,Mixed Use 3 Stories 2090,Mixed Use 3 Stories 2100,1
link,76,Single Family Cottage 2020,Single Family Cottage 2030,Mixed Use 2 Stories 2040,Mixed Use 2 Stories 2050,Mixed Use 2 Stories 2060,Mixed Use 2 Stories 2070,Mixed Use 2 Stories 2080,Mixed Use 2 Stories 2090,Mixed Use 2 Stories 2100,6
link,77,Single Family Cottage 2020,Single Family Cottage 2030,Mixed Use 5 Stories 2040,Mixed Use 5 Stories 2050,Mixed Use 5 Stories 2060,Mixed Use 5 Stories 2070,Mixed Use 5 Stories 2080,Mixed Use 5 Stories 2090,Mixed Use 5 Stories 2100,0
link,78,Single Family Cottage 2020,Single Family Cottage 2030,Mixed Use 8 Stories 2040,Mixed Use 8 Stories 2050,Mixed Use 8 Stories 2060,Mixed Use 8 Stories 2070,Mixed Use 8 Stories 2080,Mixed Use 8 Stories 2090,Mixed Use 8 Stories 2100,0
link,79,Mixed Use 2 Stories 2020,Mixed Use 2 Stories 2030,Mixed Use 2 Stories 2040,Mixed Use 2 Stories 2050,Mixed Use 2 Stories 2060,Mixed Use 2 Stories 2070,Mixed Use 2 Stories 2080,Mixed Use 2 Stories 2090,Mixed Use 2 Stories 2100,1
link,80,Mixed Use 2 Stories 2020,Mixed Use 2 Stories 2030,Mixed Use 8 Stories 2040,Mixed Use 8 Stories 2050,Mixed Use 8 Stories 2060,Mixed Use 8 Stories 2070,Mixed Use 8 Stories 2080,Mixed Use 8 Stories 2090,Mixed Use 8 Stories 2100,1
link,81,Mixed Use 2 Stories 2020,Mixed Use 2 Stories 2030,Mid Rise Office 2040,Mid Rise Office 2050,Mid Rise Office 2060,Mid Rise Office 2070,Mid Rise Office 2080,Mid Rise Office 2090,Mid Rise Office 2100,0
link,82,Low Density Commercial 2020,Low Density Commercial 2030,Mixed Use 2 Stories 2040,Mixed Use 2 Stories 2050,Mixed Use 2 Stories 2060,Mixed Use 2 Stories 2070,Mixed Use 2 Stories 2080,Mixed Use 2 Stories 2090,Mixed Use 2 Stories 2100,5
link,83,Mixed Use 3 Stories 2020,Mixed Use 3 Stories 2030,Mid Rise Office 2040,Mid Rise Office 2050,Mid Rise Office 2060,Mid Rise Office 2070,Mid Rise Office 2080,Mid Rise Office 2090,Mid Rise Office 2100,0
link,84,Mixed Use 3 Stories 2020,Mixed Use 3 Stories 2030,Mixed Use 3 Stories 2040,Mixed Use 3 Stories 2050,Mixed Use 3 Stories 2060,Mixed Use 3 Stories 2070,Mixed Use 3 Stories 2080,Mixed Use 3 Stories 2090,Mixed Use 3 Stories 2100,0
link,85,Multifamily, 6-story 2020,Multifamily, 6-story 2030,Multifamily, 3-story: Sustainable 2040,Multifamily, 3-story: Sustainable 2050,Multifamily, 3-story: Sustainable 2060,Multifamily, 3-story: Sustainable 2070,Multifamily, 3-story: Sustainable 2080,Multifamily, 3-story: Sustainable 2090,Multifamily, 3-story: Sustainable 2100,0
link,86,Multifamily, 6-story 2020,Multifamily, 6-story 2030,Multifamily, 6-story: Sustainable 2040,Multifamily, 6-story: Sustainable 2050,Multifamily, 6-story: Sustainable 2060,Multifamily, 6-story: Sustainable 2070,Multifamily, 6-story: Sustainable 2080,Multifamily, 6-story: Sustainable 2090,Multifamily, 6-story: Sustainable 2100,2
link,87,Multifamily, 3 Story 2020,Multifamily, 3 Story 2030,Multifamily, 3-story: Sustainable 2040,Multifamily, 3-story: Sustainable 2050,Multifamily, 3-story: Sustainable 2060,Multifamily, 3-story: Sustainable 2070,Multifamily, 3-story: Sustainable 2080,Multifamily, 3-story: Sustainable 2090,Multifamily, 3-story: Sustainable 2100,0
link,88,Multifamily, 3 Story 2020,Multifamily, 3 Story 2030,Multifamily, 6-story: Sustainable 2040,Multifamily, 6-story: Sustainable 2050,Multifamily, 6-story: Sustainable 2060,Multifamily, 6-story: Sustainable 2070,Multifamily, 6-story: Sustainable 2080,Multifamily, 6-story: Sustainable 2090,Multifamily, 6-story: Sustainable 2100,2
link,89,Multifamily, 2 Story 2020,Multifamily, 2 Story 2030,Townhome High Density 2040,Townhome High Density 2050,Townhome High Density 2060,Townhome High Density 2070,Townhome High Density 2080,Townhome High Density 2090,Townhome High Density 2100,3
link,90,Skinny Lot Single Family - 2,500 sq ft 2020,Skinny Lot Single Family - 2,500 sq ft 2030,Skinny Lot Single Family - 2,500 sq ft 2040,4 Plex 2050,4 Plex 2060,4 Plex 2070,4 Plex 2080,4 Plex 2090,4 Plex 2100,329
link,91,Skinny Lot Single Family - 2,500 sq ft 2020,Skinny Lot Single Family - 2,500 sq ft 2030,Skinny Lot Single Family - 2,500 sq ft 2040,Duplex: Sustainable 2050,Duplex: Sustainable 2060,Duplex: Sustainable 2070,Duplex: Sustainable 2080,Duplex: Sustainable 2090,Duplex: Sustainable 2100,66
link,92,Small Lot Single Family 2020,Small Lot Single Family 2030,Small Lot Single Family 2040,4 Plex 2050,4 Plex 2060,4 Plex 2070,4 Plex 2080,4 Plex 2090,4 Plex 2100,64
link,93,Single Family Cottage 2020,Single Family Cottage 2030,Single Family Cottage 2040,4 Plex 2050,4 Plex 2060,4 Plex 2070,4 Plex 2080,4 Plex 2090,4 Plex 2100,173
link,94,Single Family Standard Lot 2020,Single Family Standard Lot 2030,Single Family Standard Lot 2040,8 Plex 2050,8 Plex 2060,8 Plex 2070,8 Plex 2080,8 Plex 2090,8 Plex 2100,98
link,95,Single Family Large Lot 2020,Single Family Large Lot 2030,Single Family Large Lot 2040,Townhome, Medium Density: Sustainable 2050,Townhome, Medium Density: Sustainable 2060,Townhome, Medium Density: Sustainable 2070,Townhome, Medium Density: Sustainable 2080,Townhome, Medium Density: Sustainable 2090,Townhome, Medium Density: Sustainable 2100,12
link,96,Single Family Large Lot 2020,Single Family Large Lot 2030,Single Family Large Lot 2040,Townhome High Density 2050,Townhome High Density 2060,Townhome High Density 2070,Townhome High Density 2080,Townhome High Density 2090,Townhome High Density 2100,15
link,97,Single Family Medium-Large Lot 2020,Single Family Medium-Large Lot 2030,Single Family Medium-Large Lot 2040,8 Plex 2050,8 Plex 2060,8 Plex 2070,8 Plex 2080,8 Plex 2090,8 Plex 2100,20
link,98,Single Family Medium-Large Lot 2020,Single Family Medium-Large Lot 2030,Single Family Medium-Large Lot 2040,Townhome, Medium Density: Sustainable 2050,Townhome, Medium Density: Sustainable 2060,Townhome, Medium Density: Sustainable 2070,Townhome, Medium Density: Sustainable 2080,Townhome, Medium Density: Sustainable 2090,Townhome, Medium Density: Sustainable 2100,8
link,99,Single Family Estate 2020,Single Family Estate 2030,Single Family Estate 2040,Townhome High Density 2050,Townhome High Density 2060,Townhome High Density 2070,Townhome High Density 2080,Townhome High Density 2090,Townhome High Density 2100,16
link,100,Townhome, Medium Density 2020,Townhome, Medium Density 2030,Townhome, Medium Density 2040,Mixed Use 2 Stories 2050,Mixed Use 2 Stories 2060,Mixed Use 2 Stories 2070,Mixed Use 2 Stories 2080,Mixed Use 2 Stories 2090,Mixed Use 2 Stories 2100,23
link,101,Townhome, Medium Density 2020,Townhome, Medium Density 2030,Townhome, Medium Density 2040,Mixed Use 3 Stories 2050,Mixed Use 3 Stories 2060,Mixed Use 3 Stories 2070,Mixed Use 3 Stories 2080,Mixed Use 3 Stories 2090,Mixed Use 3 Stories 2100,0
link,102,Townhome, Medium Density 2020,Townhome, Medium Density 2030,Townhome, Medium Density 2040,Mixed Use 8 Stories 2050,Mixed Use 8 Stories 2060,Mixed Use 8 Stories 2070,Mixed Use 8 Stories 2080,Mixed Use 8 Stories 2090,Mixed Use 8 Stories 2100,0
link,103,Townhome, Medium Density 2020,Townhome, Medium Density 2030,Townhome, Medium Density 2040,Mixed Use 5 Stories 2050,Mixed Use 5 Stories 2060,Mixed Use 5 Stories 2070,Mixed Use 5 Stories 2080,Mixed Use 5 Stories 2090,Mixed Use 5 Stories 2100,1
link,104,Townhome, Medium Density 2020,Townhome, Medium Density 2030,Townhome, Medium Density 2040,Medical Office 2050,Medical Office 2060,Medical Office 2070,Medical Office 2080,Medical Office 2090,Medical Office 2100,0
link,105,Single Family Cottage 2020,Single Family Cottage 2030,Single Family Cottage 2040,Mixed Use 3 Stories 2050,Mixed Use 3 Stories 2060,Mixed Use 3 Stories 2070,Mixed Use 3 Stories 2080,Mixed Use 3 Stories 2090,Mixed Use 3 Stories 2100,2
link,106,Single Family Cottage 2020,Single Family Cottage 2030,Single Family Cottage 2040,Mixed Use 2 Stories 2050,Mixed Use 2 Stories 2060,Mixed Use 2 Stories 2070,Mixed Use 2 Stories 2080,Mixed Use 2 Stories 2090,Mixed Use 2 Stories 2100,7
link,107,Single Family Cottage 2020,Single Family Cottage 2030,Single Family Cottage 2040,Mixed Use 5 Stories 2050,Mixed Use 5 Stories 2060,Mixed Use 5 Stories 2070,Mixed Use 5 Stories 2080,Mixed Use 5 Stories 2090,Mixed Use 5 Stories 2100,0
link,108,Single Family Cottage 2020,Single Family Cottage 2030,Single Family Cottage 2040,Mixed Use 8 Stories 2050,Mixed Use 8 Stories 2060,Mixed Use 8 Stories 2070,Mixed Use 8 Stories 2080,Mixed Use 8 Stories 2090,Mixed Use 8 Stories 2100,0
link,109,Mixed Use 2 Stories 2020,Mixed Use 2 Stories 2030,Mixed Use 2 Stories 2040,Mixed Use 2 Stories 2050,Mixed Use 2 Stories 2060,Mixed Use 2 Stories 2070,Mixed Use 2 Stories 2080,Mixed Use 2 Stories 2090,Mixed Use 2 Stories 2100,1
link,110,Mixed Use 2 Stories 2020,Mixed Use 2 Stories 2030,Mixed Use 2 Stories 2040,Mixed Use 8 Stories 2050,Mixed Use 8 Stories 2060,Mixed Use 8 Stories 2070,Mixed Use 8 Stories 2080,Mixed Use 8 Stories 2090,Mixed Use 8 Stories 2100,1
link,111,Mixed Use 2 Stories 2020,Mixed Use 2 Stories 2030,Mixed Use 2 Stories 2040,Mid Rise Office 2050,Mid Rise Office 2060,Mid Rise Office 2070,Mid Rise Office 2080,Mid Rise Office 2090,Mid Rise Office 2100,0
link,112,Low Density Commercial 2020,Low Density Commercial 2030,Low Density Commercial 2040,Mixed Use 2 Stories 2050,Mixed Use 2 Stories 2060,Mixed Use 2 Stories 2070,Mixed Use 2 Stories 2080,Mixed Use 2 Stories 2090,Mixed Use 2 Stories 2100,5
link,113,Mixed Use 3 Stories 2020,Mixed Use 3 Stories 2030,Mixed Use 3 Stories 2040,Mid Rise Office 2050,Mid Rise Office 2060,Mid Rise Office 2070,Mid Rise Office 2080,Mid Rise Office 2090,Mid Rise Office 2100,1
link,114,Mixed Use 3 Stories 2020,Mixed Use 3 Stories 2030,Mixed Use 3 Stories 2040,Mixed Use 3 Stories 2050,Mixed Use 3 Stories 2060,Mixed Use 3 Stories 2070,Mixed Use 3 Stories 2080,Mixed Use 3 Stories 2090,Mixed Use 3 Stories 2100,0
link,115,Multifamily, 6-story 2020,Multifamily, 6-story 2030,Multifamily, 6-story 2040,Multifamily, 3-story: Sustainable 2050,Multifamily, 3-story: Sustainable 2060,Multifamily, 3-story: Sustainable 2070,Multifamily, 3-story: Sustainable 2080,Multifamily, 3-story: Sustainable 2090,Multifamily, 3-story: Sustainable 2100,0
link,116,Multifamily, 6-story 2020,Multifamily, 6-story 2030,Multifamily, 6-story 2040,Multifamily, 6-story: Sustainable 2050,Multifamily, 6-story: Sustainable 2060,Multifamily, 6-story: Sustainable 2070,Multifamily, 6-story: Sustainable 2080,Multifamily, 6-story: Sustainable 2090,Multifamily, 6-story: Sustainable 2100,2
link,117,Multifamily, 3 Story 2020,Multifamily, 3 Story 2030,Multifamily, 3 Story 2040,Multifamily, 3-story: Sustainable 2050,Multifamily, 3-story: Sustainable 2060,Multifamily, 3-story: Sustainable 2070,Multifamily, 3-story: Sustainable 2080,Multifamily, 3-story: Sustainable 2090,Multifamily, 3-story: Sustainable 2100,0
link,118,Multifamily, 3 Story 2020,Multifamily, 3 Story 2030,Multifamily, 3 Story 2040,Multifamily, 6-story: Sustainable 2050,Multifamily, 6-story: Sustainable 2060,Multifamily, 6-story: Sustainable 2070,Multifamily, 6-story: Sustainable 2080,Multifamily, 6-story: Sustainable 2090,Multifamily, 6-story: Sustainable 2100,3
link,119,Multifamily, 2 Story 2020,Multifamily, 2 Story 2030,Multifamily, 2 Story 2040,Townhome High Density 2050,Townhome High Density 2060,Townhome High Density 2070,Townhome High Density 2080,Townhome High Density 2090,Townhome High Density 2100,4
link,120,Skinny Lot Single Family - 2,500 sq ft 2020,Skinny Lot Single Family - 2,500 sq ft 2030,Skinny Lot Single Family - 2,500 sq ft 2040,Skinny Lot Single Family - 2,500 sq ft 2050,4 Plex 2060,4 Plex 2070,4 Plex 2080,4 Plex 2090,4 Plex 2100,437
link,121,Skinny Lot Single Family - 2,500 sq ft 2020,Skinny Lot Single Family - 2,500 sq ft 2030,Skinny Lot Single Family - 2,500 sq ft 2040,Skinny Lot Single Family - 2,500 sq ft 2050,Duplex: Sustainable 2060,Duplex: Sustainable 2070,Duplex: Sustainable 2080,Duplex: Sustainable 2090,Duplex: Sustainable 2100,71
link,122,Small Lot Single Family 2020,Small Lot Single Family 2030,Small Lot Single Family 2040,Small Lot Single Family 2050,4 Plex 2060,4 Plex 2070,4 Plex 2080,4 Plex 2090,4 Plex 2100,74
link,123,Single Family Cottage 2020,Single Family Cottage 2030,Single Family Cottage 2040,Single Family Cottage 2050,4 Plex 2060,4 Plex 2070,4 Plex 2080,4 Plex 2090,4 Plex 2100,211
link,124,Single Family Standard Lot 2020,Single Family Standard Lot 2030,Single Family Standard Lot 2040,Single Family Standard Lot 2050,8 Plex 2060,8 Plex 2070,8 Plex 2080,8 Plex 2090,8 Plex 2100,106
link,125,Single Family Large Lot 2020,Single Family Large Lot 2030,Single Family Large Lot 2040,Single Family Large Lot 2050,Townhome, Medium Density: Sustainable 2060,Townhome, Medium Density: Sustainable 2070,Townhome, Medium Density: Sustainable 2080,Townhome, Medium Density: Sustainable 2090,Townhome, Medium Density: Sustainable 2100,13
link,126,Single Family Large Lot 2020,Single Family Large Lot 2030,Single Family Large Lot 2040,Single Family Large Lot 2050,Townhome High Density 2060,Townhome High Density 2070,Townhome High Density 2080,Townhome High Density 2090,Townhome High Density 2100,16
link,127,Single Family Medium-Large Lot 2020,Single Family Medium-Large Lot 2030,Single Family Medium-Large Lot 2040,Single Family Medium-Large Lot 2050,8 Plex 2060,8 Plex 2070,8 Plex 2080,8 Plex 2090,8 Plex 2100,20
link,128,Single Family Medium-Large Lot 2020,Single Family Medium-Large Lot 2030,Single Family Medium-Large Lot 2040,Single Family Medium-Large Lot 2050,Townhome, Medium Density: Sustainable 2060,Townhome, Medium Density: Sustainable 2070,Townhome, Medium Density: Sustainable 2080,Townhome, Medium Density: Sustainable 2090,Townhome, Medium Density: Sustainable 2100,8
link,129,Single Family Estate 2020,Single Family Estate 2030,Single Family Estate 2040,Single Family Estate 2050,Townhome High Density 2060,Townhome High Density 2070,Townhome High Density 2080,Townhome High Density 2090,Townhome High Density 2100,17
link,130,Townhome, Medium Density 2020,Townhome, Medium Density 2030,Townhome, Medium Density 2040,Townhome, Medium Density 2050,Mixed Use 2 Stories 2060,Mixed Use 2 Stories 2070,Mixed Use 2 Stories 2080,Mixed Use 2 Stories 2090,Mixed Use 2 Stories 2100,26
link,131,Townhome, Medium Density 2020,Townhome, Medium Density 2030,Townhome, Medium Density 2040,Townhome, Medium Density 2050,Mixed Use 3 Stories 2060,Mixed Use 3 Stories 2070,Mixed Use 3 Stories 2080,Mixed Use 3 Stories 2090,Mixed Use 3 Stories 2100,0
link,132,Townhome, Medium Density 2020,Townhome, Medium Density 2030,Townhome, Medium Density 2040,Townhome, Medium Density 2050,Mixed Use 8 Stories 2060,Mixed Use 8 Stories 2070,Mixed Use 8 Stories 2080,Mixed Use 8 Stories 2090,Mixed Use 8 Stories 2100,0
link,133,Townhome, Medium Density 2020,Townhome, Medium Density 2030,Townhome, Medium Density 2040,Townhome, Medium Density 2050,Mixed Use 5 Stories 2060,Mixed Use 5 Stories 2070,Mixed Use 5 Stories 2080,Mixed Use 5 Stories 2090,Mixed Use 5 Stories 2100,1
link,134,Townhome, Medium Density 2020,Townhome, Medium Density 2030,Townhome, Medium Density 2040,Townhome, Medium Density 2050,Medical Office 2060,Medical Office 2070,Medical Office 2080,Medical Office 2090,Medical Office 2100,0
link,135,Single Family Cottage 2020,Single Family Cottage 2030,Single Family Cottage 2040,Single Family Cottage 2050,Mixed Use 3 Stories 2060,Mixed Use 3 Stories 2070,Mixed Use 3 Stories 2080,Mixed Use 3 Stories 2090,Mixed Use 3 Stories 2100,2
link,136,Single Family Cottage 2020,Single Family Cottage 2030,Single Family Cottage 2040,Single Family Cottage 2050,Mixed Use 2 Stories 2060,Mixed Use 2 Stories 2070,Mixed Use 2 Stories 2080,Mixed Use 2 Stories 2090,Mixed Use 2 Stories 2100,10
link,137,Single Family Cottage 2020,Single Family Cottage 2030,Single Family Cottage 2040,Single Family Cottage 2050,Mixed Use 5 Stories 2060,Mixed Use 5 Stories 2070,Mixed Use 5 Stories 2080,Mixed Use 5 Stories 2090,Mixed Use 5 Stories 2100,1
link,138,Single Family Cottage 2020,Single Family Cottage 2030,Single Family Cottage 2040,Single Family Cottage 2050,Mixed Use 8 Stories 2060,Mixed Use 8 Stories 2070,Mixed Use 8 Stories 2080,Mixed Use 8 Stories 2090,Mixed Use 8 Stories 2100,1
link,139,Mixed Use 2 Stories 2020,Mixed Use 2 Stories 2030,Mixed Use 2 Stories 2040,Mixed Use 2 Stories 2050,Mixed Use 2 Stories 2060,Mixed Use 2 Stories 2070,Mixed Use 2 Stories 2080,Mixed Use 2 Stories 2090,Mixed Use 2 Stories 2100,1
link,140,Mixed Use 2 Stories 2020,Mixed Use 2 Stories 2030,Mixed Use 2 Stories 2040,Mixed Use 2 Stories 2050,Mixed Use 8 Stories 2060,Mixed Use 8 Stories 2070,Mixed Use 8 Stories 2080,Mixed Use 8 Stories 2090,Mixed Use 8 Stories 2100,1
link,141,Mixed Use 2 Stories 2020,Mixed Use 2 Stories 2030,Mixed Use 2 Stories 2040,Mixed Use 2 Stories 2050,Mid Rise Office 2060,Mid Rise Office 2070,Mid Rise Office 2080,Mid Rise Office 2090,Mid Rise Office 2100,0
link,142,Low Density Commercial 2020,Low Density Commercial 2030,Low Density Commercial 2040,Low Density Commercial 2050,Mixed Use 2 Stories 2060,Mixed Use 2 Stories 2070,Mixed Use 2 Stories 2080,Mixed Use 2 Stories 2090,Mixed Use 2 Stories 2100,5
link,143,Mixed Use 3 Stories 2020,Mixed Use 3 Stories 2030,Mixed Use 3 Stories 2040,Mixed Use 3 Stories 2050,Mid Rise Office 2060,Mid Rise Office 2070,Mid Rise Office 2080,Mid Rise Office 2090,Mid Rise Office 2100,1
link,144,Mixed Use 3 Stories 2020,Mixed Use 3 Stories 2030,Mixed Use 3 Stories 2040,Mixed Use 3 Stories 2050,Mixed Use 3 Stories 2060,Mixed Use 3 Stories 2070,Mixed Use 3 Stories 2080,Mixed Use 3 Stories 2090,Mixed Use 3 Stories 2100,0
link,145,Multifamily, 6-story 2020,Multifamily, 6-story 2030,Multifamily, 6-story 2040,Multifamily, 6-story 2050,Multifamily, 3-story: Sustainable 2060,Multifamily, 3-story: Sustainable 2070,Multifamily, 3-story: Sustainable 2080,Multifamily, 3-story: Sustainable 2090,Multifamily, 3-story: Sustainable 2100,0
link,146,Multifamily, 6-story 2020,Multifamily, 6-story 2030,Multifamily, 6-story 2040,Multifamily, 6-story 2050,Multifamily, 6-story: Sustainable 2060,Multifamily, 6-story: Sustainable 2070,Multifamily, 6-story: Sustainable 2080,Multifamily, 6-story: Sustainable 2090,Multifamily, 6-story: Sustainable 2100,3
link,147,Multifamily, 3 Story 2020,Multifamily, 3 Story 2030,Multifamily, 3 Story 2040,Multifamily, 3 Story 2050,Multifamily, 3-story: Sustainable 2060,Multifamily, 3-story: Sustainable 2070,Multifamily, 3-story: Sustainable 2080,Multifamily, 3-story: Sustainable 2090,Multifamily, 3-story: Sustainable 2100,1
link,148,Multifamily, 3 Story 2020,Multifamily, 3 Story 2030,Multifamily, 3 Story 2040,Multifamily, 3 Story 2050,Multifamily, 6-story: Sustainable 2060,Multifamily, 6-story: Sustainable 2070,Multifamily, 6-story: Sustainable 2080,Multifamily, 6-story: Sustainable 2090,Multifamily, 6-story: Sustainable 2100,3
link,149,Multifamily, 2 Story 2020,Multifamily, 2 Story 2030,Multifamily, 2 Story 2040,Multifamily, 2 Story 2050,Townhome High Density 2060,Townhome High Density 2070,Townhome High Density 2080,Townhome High Density 2090,Townhome High Density 2100,4
link,150,Skinny Lot Single Family - 2,500 sq ft 2020,Skinny Lot Single Family - 2,500 sq ft 2030,Skinny Lot Single Family - 2,500 sq ft 2040,Skinny Lot Single Family - 2,500 sq ft 2050,Skinny Lot Single Family - 2,500 sq ft 2060,4 Plex 2070,4 Plex 2080,4 Plex 2090,4 Plex 2100,507
link,151,Skinny Lot Single Family - 2,500 sq ft 2020,Skinny Lot Single Family - 2,500 sq ft 2030,Skinny Lot Single Family - 2,500 sq ft 2040,Skinny Lot Single Family - 2,500 sq ft 2050,Skinny Lot Single Family - 2,500 sq ft 2060,Duplex: Sustainable 2070,Duplex: Sustainable 2080,Duplex: Sustainable 2090,Duplex: Sustainable 2100,114
link,152,Small Lot Single Family 2020,Small Lot Single Family 2030,Small Lot Single Family 2040,Small Lot Single Family 2050,Small Lot Single Family 2060,4 Plex 2070,4 Plex 2080,4 Plex 2090,4 Plex 2100,84
link,153,Single Family Cottage 2020,Single Family Cottage 2030,Single Family Cottage 2040,Single Family Cottage 2050,Single Family Cottage 2060,4 Plex 2070,4 Plex 2080,4 Plex 2090,4 Plex 2100,245
link,154,Single Family Standard Lot 2020,Single Family Standard Lot 2030,Single Family Standard Lot 2040,Single Family Standard Lot 2050,Single Family Standard Lot 2060,8 Plex 2070,8 Plex 2080,8 Plex 2090,8 Plex 2100,119
link,155,Single Family Large Lot 2020,Single Family Large Lot 2030,Single Family Large Lot 2040,Single Family Large Lot 2050,Single Family Large Lot 2060,Townhome, Medium Density: Sustainable 2070,Townhome, Medium Density: Sustainable 2080,Townhome, Medium Density: Sustainable 2090,Townhome, Medium Density: Sustainable 2100,15
link,156,Single Family Large Lot 2020,Single Family Large Lot 2030,Single Family Large Lot 2040,Single Family Large Lot 2050,Single Family Large Lot 2060,Townhome High Density 2070,Townhome High Density 2080,Townhome High Density 2090,Townhome High Density 2100,16
link,157,Single Family Medium-Large Lot 2020,Single Family Medium-Large Lot 2030,Single Family Medium-Large Lot 2040,Single Family Medium-Large Lot 2050,Single Family Medium-Large Lot 2060,8 Plex 2070,8 Plex 2080,8 Plex 2090,8 Plex 2100,20
link,158,Single Family Medium-Large Lot 2020,Single Family Medium-Large Lot 2030,Single Family Medium-Large Lot 2040,Single Family Medium-Large Lot 2050,Single Family Medium-Large Lot 2060,Townhome, Medium Density: Sustainable 2070,Townhome, Medium Density: Sustainable 2080,Townhome, Medium Density: Sustainable 2090,Townhome, Medium Density: Sustainable 2100,8
link,159,Single Family Estate 2020,Single Family Estate 2030,Single Family Estate 2040,Single Family Estate 2050,Single Family Estate 2060,Townhome High Density 2070,Townhome High Density 2080,Townhome High Density 2090,Townhome High Density 2100,17
link,160,Townhome, Medium Density 2020,Townhome, Medium Density 2030,Townhome, Medium Density 2040,Townhome, Medium Density 2050,Townhome, Medium Density 2060,Mixed Use 2 Stories 2070,Mixed Use 2 Stories 2080,Mixed Use 2 Stories 2090,Mixed Use 2 Stories 2100,28
link,161,Townhome, Medium Density 2020,Townhome, Medium Density 2030,Townhome, Medium Density 2040,Townhome, Medium Density 2050,Townhome, Medium Density 2060,Mixed Use 3 Stories 2070,Mixed Use 3 Stories 2080,Mixed Use 3 Stories 2090,Mixed Use 3 Stories 2100,2
link,162,Townhome, Medium Density 2020,Townhome, Medium Density 2030,Townhome, Medium Density 2040,Townhome, Medium Density 2050,Townhome, Medium Density 2060,Mixed Use 8 Stories 2070,Mixed Use 8 Stories 2080,Mixed Use 8 Stories 2090,Mixed Use 8 Stories 2100,0
link,163,Townhome, Medium Density 2020,Townhome, Medium Density 2030,Townhome, Medium Density 2040,Townhome, Medium Density 2050,Townhome, Medium Density 2060,Mixed Use 5 Stories 2070,Mixed Use 5 Stories 2080,Mixed Use 5 Stories 2090,Mixed Use 5 Stories 2100,2
link,164,Townhome, Medium Density 2020,Townhome, Medium Density 2030,Townhome, Medium Density 2040,Townhome, Medium Density 2050,Townhome, Medium Density 2060,Medical Office 2070,Medical Office 2080,Medical Office 2090,Medical Office 2100,0
link,165,Single Family Cottage 2020,Single Family Cottage 2030,Single Family Cottage 2040,Single Family Cottage 2050,Single Family Cottage 2060,Mixed Use 3 Stories 2070,Mixed Use 3 Stories 2080,Mixed Use 3 Stories 2090,Mixed Use 3 Stories 2100,2
link,166,Single Family Cottage 2020,Single Family Cottage 2030,Single Family Cottage 2040,Single Family Cottage 2050,Single Family Cottage 2060,Mixed Use 2 Stories 2070,Mixed Use 2 Stories 2080,Mixed Use 2 Stories 2090,Mixed Use 2 Stories 2100,10
link,167,Single Family Cottage 2020,Single Family Cottage 2030,Single Family Cottage 2040,Single Family Cottage 2050,Single Family Cottage 2060,Mixed Use 5 Stories 2070,Mixed Use 5 Stories 2080,Mixed Use 5 Stories 2090,Mixed Use 5 Stories 2100,2
link,168,Single Family Cottage 2020,Single Family Cottage 2030,Single Family Cottage 2040,Single Family Cottage 2050,Single Family Cottage 2060,Mixed Use 8 Stories 2070,Mixed Use 8 Stories 2080,Mixed Use 8 Stories 2090,Mixed Use 8 Stories 2100,1
link,169,Mixed Use 2 Stories 2020,Mixed Use 2 Stories 2030,Mixed Use 2 Stories 2040,Mixed Use 2 Stories 2050,Mixed Use 2 Stories 2060,Mixed Use 2 Stories 2070,Mixed Use 2 Stories 2080,Mixed Use 2 Stories 2090,Mixed Use 2 Stories 2100,2
link,170,Mixed Use 2 Stories 2020,Mixed Use 2 Stories 2030,Mixed Use 2 Stories 2040,Mixed Use 2 Stories 2050,Mixed Use 2 Stories 2060,Mixed Use 8 Stories 2070,Mixed Use 8 Stories 2080,Mixed Use 8 Stories 2090,Mixed Use 8 Stories 2100,1
link,171,Mixed Use 2 Stories 2020,Mixed Use 2 Stories 2030,Mixed Use 2 Stories 2040,Mixed Use 2 Stories 2050,Mixed Use 2 Stories 2060,Mid Rise Office 2070,Mid Rise Office 2080,Mid Rise Office 2090,Mid Rise Office 2100,1
link,172,Low Density Commercial 2020,Low Density Commercial 2030,Low Density Commercial 2040,Low Density Commercial 2050,Low Density Commercial 2060,Mixed Use 2 Stories 2070,Mixed Use 2 Stories 2080,Mixed Use 2 Stories 2090,Mixed Use 2 Stories 2100,6
link,173,Mixed Use 3 Stories 2020,Mixed Use 3 Stories 2030,Mixed Use 3 Stories 2040,Mixed Use 3 Stories 2050,Mixed Use 3 Stories 2060,Mid Rise Office 2070,Mid Rise Office 2080,Mid Rise Office 2090,Mid Rise Office 2100,1
link,174,Mixed Use 3 Stories 2020,Mixed Use 3 Stories 2030,Mixed Use 3 Stories 2040,Mixed Use 3 Stories 2050,Mixed Use 3 Stories 2060,Mixed Use 3 Stories 2070,Mixed Use 3 Stories 2080,Mixed Use 3 Stories 2090,Mixed Use 3 Stories 2100,0
link,175,Multifamily, 6-story 2020,Multifamily, 6-story 2030,Multifamily, 6-story 2040,Multifamily, 6-story 2050,Multifamily, 6-story 2060,Multifamily, 3-story: Sustainable 2070,Multifamily, 3-story: Sustainable 2080,Multifamily, 3-story: Sustainable 2090,Multifamily, 3-story: Sustainable 2100,0
link,176,Multifamily, 6-story 2020,Multifamily, 6-story 2030,Multifamily, 6-story 2040,Multifamily, 6-story 2050,Multifamily, 6-story 2060,Multifamily, 6-story: Sustainable 2070,Multifamily, 6-story: Sustainable 2080,Multifamily, 6-story: Sustainable 2090,Multifamily, 6-story: Sustainable 2100,3
link,177,Multifamily, 3 Story 2020,Multifamily, 3 Story 2030,Multifamily, 3 Story 2040,Multifamily, 3 Story 2050,Multifamily, 3 Story 2060,Multifamily, 3-story: Sustainable 2070,Multifamily, 3-story: Sustainable 2080,Multifamily, 3-story: Sustainable 2090,Multifamily, 3-story: Sustainable 2100,2
link,178,Multifamily, 3 Story 2020,Multifamily, 3 Story 2030,Multifamily, 3 Story 2040,Multifamily, 3 Story 2050,Multifamily, 3 Story 2060,Multifamily, 6-story: Sustainable 2070,Multifamily, 6-story: Sustainable 2080,Multifamily, 6-story: Sustainable 2090,Multifamily, 6-story: Sustainable 2100,3
link,179,Multifamily, 2 Story 2020,Multifamily, 2 Story 2030,Multifamily, 2 Story 2040,Multifamily, 2 Story 2050,Multifamily, 2 Story 2060,Townhome High Density 2070,Townhome High Density 2080,Townhome High Density 2090,Townhome High Density 2100,5
link,180,Skinny Lot Single Family - 2,500 sq ft 2020,Skinny Lot Single Family - 2,500 sq ft 2030,Skinny Lot Single Family - 2,500 sq ft 2040,Skinny Lot Single Family - 2,500 sq ft 2050,Skinny Lot Single Family - 2,500 sq ft 2060,Skinny Lot Single Family - 2,500 sq ft 2070,4 Plex 2080,4 Plex 2090,4 Plex 2100,580
link,181,Skinny Lot Single Family - 2,500 sq ft 2020,Skinny Lot Single Family - 2,500 sq ft 2030,Skinny Lot Single Family - 2,500 sq ft 2040,Skinny Lot Single Family - 2,500 sq ft 2050,Skinny Lot Single Family - 2,500 sq ft 2060,Skinny Lot Single Family - 2,500 sq ft 2070,Duplex: Sustainable 2080,Duplex: Sustainable 2090,Duplex: Sustainable 2100,178
link,182,Small Lot Single Family 2020,Small Lot Single Family 2030,Small Lot Single Family 2040,Small Lot Single Family 2050,Small Lot Single Family 2060,Small Lot Single Family 2070,4 Plex 2080,4 Plex 2090,4 Plex 2100,96
link,183,Single Family Cottage 2020,Single Family Cottage 2030,Single Family Cottage 2040,Single Family Cottage 2050,Single Family Cottage 2060,Single Family Cottage 2070,4 Plex 2080,4 Plex 2090,4 Plex 2100,276
link,184,Single Family Standard Lot 2020,Single Family Standard Lot 2030,Single Family Standard Lot 2040,Single Family Standard Lot 2050,Single Family Standard Lot 2060,Single Family Standard Lot 2070,8 Plex 2080,8 Plex 2090,8 Plex 2100,126
link,185,Single Family Large Lot 2020,Single Family Large Lot 2030,Single Family Large Lot 2040,Single Family Large Lot 2050,Single Family Large Lot 2060,Single Family Large Lot 2070,Townhome, Medium Density: Sustainable 2080,Townhome, Medium Density: Sustainable 2090,Townhome, Medium Density: Sustainable 2100,17
link,186,Single Family Large Lot 2020,Single Family Large Lot 2030,Single Family Large Lot 2040,Single Family Large Lot 2050,Single Family Large Lot 2060,Single Family Large Lot 2070,Townhome High Density 2080,Townhome High Density 2090,Townhome High Density 2100,18
link,187,Single Family Medium-Large Lot 2020,Single Family Medium-Large Lot 2030,Single Family Medium-Large Lot 2040,Single Family Medium-Large Lot 2050,Single Family Medium-Large Lot 2060,Single Family Medium-Large Lot 2070,8 Plex 2080,8 Plex 2090,8 Plex 2100,20
link,188,Single Family Medium-Large Lot 2020,Single Family Medium-Large Lot 2030,Single Family Medium-Large Lot 2040,Single Family Medium-Large Lot 2050,Single Family Medium-Large Lot 2060,Single Family Medium-Large Lot 2070,Townhome, Medium Density: Sustainable 2080,Townhome, Medium Density: Sustainable 2090,Townhome, Medium Density: Sustainable 2100,8
link,189,Single Family Estate 2020,Single Family Estate 2030,Single Family Estate 2040,Single Family Estate 2050,Single Family Estate 2060,Single Family Estate 2070,Townhome High Density 2080,Townhome High Density 2090,Townhome High Density 2100,17
link,190,Townhome, Medium Density 2020,Townhome, Medium Density 2030,Townhome, Medium Density 2040,Townhome, Medium Density 2050,Townhome, Medium Density 2060,Townhome, Medium Density 2070,Mixed Use 2 Stories 2080,Mixed Use 2 Stories 2090,Mixed Use 2 Stories 2100,37
link,191,Townhome, Medium Density 2020,Townhome, Medium Density 2030,Townhome, Medium Density 2040,Townhome, Medium Density 2050,Townhome, Medium Density 2060,Townhome, Medium Density 2070,Mixed Use 3 Stories 2080,Mixed Use 3 Stories 2090,Mixed Use 3 Stories 2100,2
link,192,Townhome, Medium Density 2020,Townhome, Medium Density 2030,Townhome, Medium Density 2040,Townhome, Medium Density 2050,Townhome, Medium Density 2060,Townhome, Medium Density 2070,Mixed Use 8 Stories 2080,Mixed Use 8 Stories 2090,Mixed Use 8 Stories 2100,0
link,193,Townhome, Medium Density 2020,Townhome, Medium Density 2030,Townhome, Medium Density 2040,Townhome, Medium Density 2050,Townhome, Medium Density 2060,Townhome, Medium Density 2070,Mixed Use 5 Stories 2080,Mixed Use 5 Stories 2090,Mixed Use 5 Stories 2100,2
link,194,Townhome, Medium Density 2020,Townhome, Medium Density 2030,Townhome, Medium Density 2040,Townhome, Medium Density 2050,Townhome, Medium Density 2060,Townhome, Medium Density 2070,Medical Office 2080,Medical Office 2090,Medical Office 2100,0
link,195,Single Family Cottage 2020,Single Family Cottage 2030,Single Family Cottage 2040,Single Family Cottage 2050,Single Family Cottage 2060,Single Family Cottage 2070,Mixed Use 3 Stories 2080,Mixed Use 3 Stories 2090,Mixed Use 3 Stories 2100,2
link,196,Single Family Cottage 2020,Single Family Cottage 2030,Single Family Cottage 2040,Single Family Cottage 2050,Single Family Cottage 2060,Single Family Cottage 2070,Mixed Use 2 Stories 2080,Mixed Use 2 Stories 2090,Mixed Use 2 Stories 2100,10
link,197,Single Family Cottage 2020,Single Family Cottage 2030,Single Family Cottage 2040,Single Family Cottage 2050,Single Family Cottage 2060,Single Family Cottage 2070,Mixed Use 5 Stories 2080,Mixed Use 5 Stories 2090,Mixed Use 5 Stories 2100,2
link,198,Single Family Cottage 2020,Single Family Cottage 2030,Single Family Cottage 2040,Single Family Cottage 2050,Single Family Cottage 2060,Single Family Cottage 2070,Mixed Use 8 Stories 2080,Mixed Use 8 Stories 2090,Mixed Use 8 Stories 2100,1
link,199,Mixed Use 2 Stories 2020,Mixed Use 2 Stories 2030,Mixed Use 2 Stories 2040,Mixed Use 2 Stories 2050,Mixed Use 2 Stories 2060,Mixed Use 2 Stories 2070,Mixed Use 2 Stories 2080,Mixed Use 2 Stories 2090,Mixed Use 2 Stories 2100,2
link,200,Mixed Use 2 Stories 2020,Mixed Use 2 Stories 2030,Mixed Use 2 Stories 2040,Mixed Use 2 Stories 2050,Mixed Use 2 Stories 2060,Mixed Use 2 Stories 2070,Mixed Use 8 Stories 2080,Mixed Use 8 Stories 2090,Mixed Use 8 Stories 2100,1
link,201,Mixed Use 2 Stories 2020,Mixed Use 2 Stories 2030,Mixed Use 2 Stories 2040,Mixed Use 2 Stories 2050,Mixed Use 2 Stories 2060,Mixed Use 2 Stories 2070,Mid Rise Office 2080,Mid Rise Office 2090,Mid Rise Office 2100,1
link,202,Low Density Commercial 2020,Low Density Commercial 2030,Low Density Commercial 2040,Low Density Commercial 2050,Low Density Commercial 2060,Low Density Commercial 2070,Mixed Use 2 Stories 2080,Mixed Use 2 Stories 2090,Mixed Use 2 Stories 2100,7
link,203,Mixed Use 3 Stories 2020,Mixed Use 3 Stories 2030,Mixed Use 3 Stories 2040,Mixed Use 3 Stories 2050,Mixed Use 3 Stories 2060,Mixed Use 3 Stories 2070,Mid Rise Office 2080,Mid Rise Office 2090,Mid Rise Office 2100,1
link,204,Mixed Use 3 Stories 2020,Mixed Use 3 Stories 2030,Mixed Use 3 Stories 2040,Mixed Use 3 Stories 2050,Mixed Use 3 Stories 2060,Mixed Use 3 Stories 2070,Mixed Use 3 Stories 2080,Mixed Use 3 Stories 2090,Mixed Use 3 Stories 2100,0
link,205,Multifamily, 6-story 2020,Multifamily, 6-story 2030,Multifamily, 6-story 2040,Multifamily, 6-story 2050,Multifamily, 6-story 2060,Multifamily, 6-story 2070,Multifamily, 3-story: Sustainable 2080,Multifamily, 3-story: Sustainable 2090,Multifamily, 3-story: Sustainable 2100,0
link,206,Multifamily, 6-story 2020,Multifamily, 6-story 2030,Multifamily, 6-story 2040,Multifamily, 6-story 2050,Multifamily, 6-story 2060,Multifamily, 6-story 2070,Multifamily, 6-story: Sustainable 2080,Multifamily, 6-story: Sustainable 2090,Multifamily, 6-story: Sustainable 2100,5
link,207,Multifamily, 3 Story 2020,Multifamily, 3 Story 2030,Multifamily, 3 Story 2040,Multifamily, 3 Story 2050,Multifamily, 3 Story 2060,Multifamily, 3 Story 2070,Multifamily, 3-story: Sustainable 2080,Multifamily, 3-story: Sustainable 2090,Multifamily, 3-story: Sustainable 2100,2
link,208,Multifamily, 3 Story 2020,Multifamily, 3 Story 2030,Multifamily, 3 Story 2040,Multifamily, 3 Story 2050,Multifamily, 3 Story 2060,Multifamily, 3 Story 2070,Multifamily, 6-story: Sustainable 2080,Multifamily, 6-story: Sustainable 2090,Multifamily, 6-story: Sustainable 2100,3
link,209,Multifamily, 2 Story 2020,Multifamily, 2 Story 2030,Multifamily, 2 Story 2040,Multifamily, 2 Story 2050,Multifamily, 2 Story 2060,Multifamily, 2 Story 2070,Townhome High Density 2080,Townhome High Density 2090,Townhome High Density 2100,5
link,210,Skinny Lot Single Family - 2,500 sq ft 2020,Skinny Lot Single Family - 2,500 sq ft 2030,Skinny Lot Single Family - 2,500 sq ft 2040,Skinny Lot Single Family - 2,500 sq ft 2050,Skinny Lot Single Family - 2,500 sq ft 2060,Skinny Lot Single Family - 2,500 sq ft 2070,Skinny Lot Single Family - 2,500 sq ft 2080,4 Plex 2090,4 Plex 2100,723
link,211,Skinny Lot Single Family - 2,500 sq ft 2020,Skinny Lot Single Family - 2,500 sq ft 2030,Skinny Lot Single Family - 2,500 sq ft 2040,Skinny Lot Single Family - 2,500 sq ft 2050,Skinny Lot Single Family - 2,500 sq ft 2060,Skinny Lot Single Family - 2,500 sq ft 2070,Skinny Lot Single Family - 2,500 sq ft 2080,Duplex: Sustainable 2090,Duplex: Sustainable 2100,244
link,212,Small Lot Single Family 2020,Small Lot Single Family 2030,Small Lot Single Family 2040,Small Lot Single Family 2050,Small Lot Single Family 2060,Small Lot Single Family 2070,Small Lot Single Family 2080,4 Plex 2090,4 Plex 2100,107
link,213,Single Family Cottage 2020,Single Family Cottage 2030,Single Family Cottage 2040,Single Family Cottage 2050,Single Family Cottage 2060,Single Family Cottage 2070,Single Family Cottage 2080,4 Plex 2090,4 Plex 2100,324
link,214,Single Family Standard Lot 2020,Single Family Standard Lot 2030,Single Family Standard Lot 2040,Single Family Standard Lot 2050,Single Family Standard Lot 2060,Single Family Standard Lot 2070,Single Family Standard Lot 2080,8 Plex 2090,8 Plex 2100,138
link,215,Single Family Large Lot 2020,Single Family Large Lot 2030,Single Family Large Lot 2040,Single Family Large Lot 2050,Single Family Large Lot 2060,Single Family Large Lot 2070,Single Family Large Lot 2080,Townhome, Medium Density: Sustainable 2090,Townhome, Medium Density: Sustainable 2100,18
link,216,Single Family Large Lot 2020,Single Family Large Lot 2030,Single Family Large Lot 2040,Single Family Large Lot 2050,Single Family Large Lot 2060,Single Family Large Lot 2070,Single Family Large Lot 2080,Townhome High Density 2090,Townhome High Density 2100,18
link,217,Single Family Medium-Large Lot 2020,Single Family Medium-Large Lot 2030,Single Family Medium-Large Lot 2040,Single Family Medium-Large Lot 2050,Single Family Medium-Large Lot 2060,Single Family Medium-Large Lot 2070,Single Family Medium-Large Lot 2080,8 Plex 2090,8 Plex 2100,24
link,218,Single Family Medium-Large Lot 2020,Single Family Medium-Large Lot 2030,Single Family Medium-Large Lot 2040,Single Family Medium-Large Lot 2050,Single Family Medium-Large Lot 2060,Single Family Medium-Large Lot 2070,Single Family Medium-Large Lot 2080,Townhome, Medium Density: Sustainable 2090,Townhome, Medium Density: Sustainable 2100,8
link,219,Single Family Estate 2020,Single Family Estate 2030,Single Family Estate 2040,Single Family Estate 2050,Single Family Estate 2060,Single Family Estate 2070,Single Family Estate 2080,Townhome High Density 2090,Townhome High Density 2100,18
link,220,Townhome, Medium Density 2020,Townhome, Medium Density 2030,Townhome, Medium Density 2040,Townhome, Medium Density 2050,Townhome, Medium Density 2060,Townhome, Medium Density 2070,Townhome, Medium Density 2080,Mixed Use 2 Stories 2090,Mixed Use 2 Stories 2100,48
link,221,Townhome, Medium Density 2020,Townhome, Medium Density 2030,Townhome, Medium Density 2040,Townhome, Medium Density 2050,Townhome, Medium Density 2060,Townhome, Medium Density 2070,Townhome, Medium Density 2080,Mixed Use 3 Stories 2090,Mixed Use 3 Stories 2100,2
link,222,Townhome, Medium Density 2020,Townhome, Medium Density 2030,Townhome, Medium Density 2040,Townhome, Medium Density 2050,Townhome, Medium Density 2060,Townhome, Medium Density 2070,Townhome, Medium Density 2080,Mixed Use 8 Stories 2090,Mixed Use 8 Stories 2100,1
link,223,Townhome, Medium Density 2020,Townhome, Medium Density 2030,Townhome, Medium Density 2040,Townhome, Medium Density 2050,Townhome, Medium Density 2060,Townhome, Medium Density 2070,Townhome, Medium Density 2080,Mixed Use 5 Stories 2090,Mixed Use 5 Stories 2100,2
link,224,Townhome, Medium Density 2020,Townhome, Medium Density 2030,Townhome, Medium Density 2040,Townhome, Medium Density 2050,Townhome, Medium Density 2060,Townhome, Medium Density 2070,Townhome, Medium Density 2080,Medical Office 2090,Medical Office 2100,1
link,225,Single Family Cottage 2020,Single Family Cottage 2030,Single Family Cottage 2040,Single Family Cottage 2050,Single Family Cottage 2060,Single Family Cottage 2070,Single Family Cottage 2080,Mixed Use 3 Stories 2090,Mixed Use 3 Stories 2100,4
link,226,Single Family Cottage 2020,Single Family Cottage 2030,Single Family Cottage 2040,Single Family Cottage 2050,Single Family Cottage 2060,Single Family Cottage 2070,Single Family Cottage 2080,Mixed Use 2 Stories 2090,Mixed Use 2 Stories 2100,10
link,227,Single Family Cottage 2020,Single Family Cottage 2030,Single Family Cottage 2040,Single Family Cottage 2050,Single Family Cottage 2060,Single Family Cottage 2070,Single Family Cottage 2080,Mixed Use 5 Stories 2090,Mixed Use 5 Stories 2100,2
link,228,Single Family Cottage 2020,Single Family Cottage 2030,Single Family Cottage 2040,Single Family Cottage 2050,Single Family Cottage 2060,Single Family Cottage 2070,Single Family Cottage 2080,Mixed Use 8 Stories 2090,Mixed Use 8 Stories 2100,1
link,229,Mixed Use 2 Stories 2020,Mixed Use 2 Stories 2030,Mixed Use 2 Stories 2040,Mixed Use 2 Stories 2050,Mixed Use 2 Stories 2060,Mixed Use 2 Stories 2070,Mixed Use 2 Stories 2080,Mixed Use 2 Stories 2090,Mixed Use 2 Stories 2100,2
link,230,Mixed Use 2 Stories 2020,Mixed Use 2 Stories 2030,Mixed Use 2 Stories 2040,Mixed Use 2 Stories 2050,Mixed Use 2 Stories 2060,Mixed Use 2 Stories 2070,Mixed Use 2 Stories 2080,Mixed Use 8 Stories 2090,Mixed Use 8 Stories 2100,1
link,231,Mixed Use 2 Stories 2020,Mixed Use 2 Stories 2030,Mixed Use 2 Stories 2040,Mixed Use 2 Stories 2050,Mixed Use 2 Stories 2060,Mixed Use 2 Stories 2070,Mixed Use 2 Stories 2080,Mid Rise Office 2090,Mid Rise Office 2100,1
link,232,Low Density Commercial 2020,Low Density Commercial 2030,Low Density Commercial 2040,Low Density Commercial 2050,Low Density Commercial 2060,Low Density Commercial 2070,Low Density Commercial 2080,Mixed Use 2 Stories 2090,Mixed Use 2 Stories 2100,7
link,233,Mixed Use 3 Stories 2020,Mixed Use 3 Stories 2030,Mixed Use 3 Stories 2040,Mixed Use 3 Stories 2050,Mixed Use 3 Stories 2060,Mixed Use 3 Stories 2070,Mixed Use 3 Stories 2080,Mid Rise Office 2090,Mid Rise Office 2100,1
link,234,Mixed Use 3 Stories 2020,Mixed Use 3 Stories 2030,Mixed Use 3 Stories 2040,Mixed Use 3 Stories 2050,Mixed Use 3 Stories 2060,Mixed Use 3 Stories 2070,Mixed Use 3 Stories 2080,Mixed Use 3 Stories 2090,Mixed Use 3 Stories 2100,0
link,235,Multifamily, 6-story 2020,Multifamily, 6-story 2030,Multifamily, 6-story 2040,Multifamily, 6-story 2050,Multifamily, 6-story 2060,Multifamily, 6-story 2070,Multifamily, 6-story 2080,Multifamily, 3-story: Sustainable 2090,Multifamily, 3-story: Sustainable 2100,1
link,236,Multifamily, 6-story 2020,Multifamily, 6-story 2030,Multifamily, 6-story 2040,Multifamily, 6-story 2050,Multifamily, 6-story 2060,Multifamily, 6-story 2070,Multifamily, 6-story 2080,Multifamily, 6-story: Sustainable 2090,Multifamily, 6-story: Sustainable 2100,6
link,237,Multifamily, 3 Story 2020,Multifamily, 3 Story 2030,Multifamily, 3 Story 2040,Multifamily, 3 Story 2050,Multifamily, 3 Story 2060,Multifamily, 3 Story 2070,Multifamily, 3 Story 2080,Multifamily, 3-story: Sustainable 2090,Multifamily, 3-story: Sustainable 2100,3
link,238,Multifamily, 3 Story 2020,Multifamily, 3 Story 2030,Multifamily, 3 Story 2040,Multifamily, 3 Story 2050,Multifamily, 3 Story 2060,Multifamily, 3 Story 2070,Multifamily, 3 Story 2080,Multifamily, 6-story: Sustainable 2090,Multifamily, 6-story: Sustainable 2100,3
link,239,Multifamily, 2 Story 2020,Multifamily, 2 Story 2030,Multifamily, 2 Story 2040,Multifamily, 2 Story 2050,Multifamily, 2 Story 2060,Multifamily, 2 Story 2070,Multifamily, 2 Story 2080,Townhome High Density 2090,Townhome High Density 2100,5
link,240,Skinny Lot Single Family - 2,500 sq ft 2020,Skinny Lot Single Family - 2,500 sq ft 2030,Skinny Lot Single Family - 2,500 sq ft 2040,Skinny Lot Single Family - 2,500 sq ft 2050,Skinny Lot Single Family - 2,500 sq ft 2060,Skinny Lot Single Family - 2,500 sq ft 2070,Skinny Lot Single Family - 2,500 sq ft 2080,Skinny Lot Single Family - 2,500 sq ft 2090,4 Plex 2100,856
link,241,Skinny Lot Single Family - 2,500 sq ft 2020,Skinny Lot Single Family - 2,500 sq ft 2030,Skinny Lot Single Family - 2,500 sq ft 2040,Skinny Lot Single Family - 2,500 sq ft 2050,Skinny Lot Single Family - 2,500 sq ft 2060,Skinny Lot Single Family - 2,500 sq ft 2070,Skinny Lot Single Family - 2,500 sq ft 2080,Skinny Lot Single Family - 2,500 sq ft 2090,Duplex: Sustainable 2100,302
link,242,Small Lot Single Family 2020,Small Lot Single Family 2030,Small Lot Single Family 2040,Small Lot Single Family 2050,Small Lot Single Family 2060,Small Lot Single Family 2070,Small Lot Single Family 2080,Small Lot Single Family 2090,4 Plex 2100,130
link,243,Single Family Cottage 2020,Single Family Cottage 2030,Single Family Cottage 2040,Single Family Cottage 2050,Single Family Cottage 2060,Single Family Cottage 2070,Single Family Cottage 2080,Single Family Cottage 2090,4 Plex 2100,371
link,244,Single Family Standard Lot 2020,Single Family Standard Lot 2030,Single Family Standard Lot 2040,Single Family Standard Lot 2050,Single Family Standard Lot 2060,Single Family Standard Lot 2070,Single Family Standard Lot 2080,Single Family Standard Lot 2090,8 Plex 2100,158
link,245,Single Family Large Lot 2020,Single Family Large Lot 2030,Single Family Large Lot 2040,Single Family Large Lot 2050,Single Family Large Lot 2060,Single Family Large Lot 2070,Single Family Large Lot 2080,Single Family Large Lot 2090,Townhome, Medium Density: Sustainable 2100,21
link,246,Single Family Large Lot 2020,Single Family Large Lot 2030,Single Family Large Lot 2040,Single Family Large Lot 2050,Single Family Large Lot 2060,Single Family Large Lot 2070,Single Family Large Lot 2080,Single Family Large Lot 2090,Townhome High Density 2100,18
link,247,Single Family Medium-Large Lot 2020,Single Family Medium-Large Lot 2030,Single Family Medium-Large Lot 2040,Single Family Medium-Large Lot 2050,Single Family Medium-Large Lot 2060,Single Family Medium-Large Lot 2070,Single Family Medium-Large Lot 2080,Single Family Medium-Large Lot 2090,8 Plex 2100,24
link,248,Single Family Medium-Large Lot 2020,Single Family Medium-Large Lot 2030,Single Family Medium-Large Lot 2040,Single Family Medium-Large Lot 2050,Single Family Medium-Large Lot 2060,Single Family Medium-Large Lot 2070,Single Family Medium-Large Lot 2080,Single Family Medium-Large Lot 2090,Townhome, Medium Density: Sustainable 2100,10
link,249,Single Family Estate 2020,Single Family Estate 2030,Single Family Estate 2040,Single Family Estate 2050,Single Family Estate 2060,Single Family Estate 2070,Single Family Estate 2080,Single Family Estate 2090,Townhome High Density 2100,19
link,250,Townhome, Medium Density 2020,Townhome, Medium Density 2030,Townhome, Medium Density 2040,Townhome, Medium Density 2050,Townhome, Medium Density 2060,Townhome, Medium Density 2070,Townhome, Medium Density 2080,Townhome, Medium Density 2090,Mixed Use 2 Stories 2100,56
link,251,Townhome, Medium Density 2020,Townhome, Medium Density 2030,Townhome, Medium Density 2040,Townhome, Medium Density 2050,Townhome, Medium Density 2060,Townhome, Medium Density 2070,Townhome, Medium Density 2080,Townhome, Medium Density 2090,Mixed Use 3 Stories 2100,4
link,252,Townhome, Medium Density 2020,Townhome, Medium Density 2030,Townhome, Medium Density 2040,Townhome, Medium Density 2050,Townhome, Medium Density 2060,Townhome, Medium Density 2070,Townhome, Medium Density 2080,Townhome, Medium Density 2090,Mixed Use 8 Stories 2100,1
link,253,Townhome, Medium Density 2020,Townhome, Medium Density 2030,Townhome, Medium Density 2040,Townhome, Medium Density 2050,Townhome, Medium Density 2060,Townhome, Medium Density 2070,Townhome, Medium Density 2080,Townhome, Medium Density 2090,Mixed Use 5 Stories 2100,2
link,254,Townhome, Medium Density 2020,Townhome, Medium Density 2030,Townhome, Medium Density 2040,Townhome, Medium Density 2050,Townhome, Medium Density 2060,Townhome, Medium Density 2070,Townhome, Medium Density 2080,Townhome, Medium Density 2090,Medical Office 2100,1
link,255,Single Family Cottage 2020,Single Family Cottage 2030,Single Family Cottage 2040,Single Family Cottage 2050,Single Family Cottage 2060,Single Family Cottage 2070,Single Family Cottage 2080,Single Family Cottage 2090,Mixed Use 3 Stories 2100,4
link,256,Single Family Cottage 2020,Single Family Cottage 2030,Single Family Cottage 2040,Single Family Cottage 2050,Single Family Cottage 2060,Single Family Cottage 2070,Single Family Cottage 2080,Single Family Cottage 2090,Mixed Use 2 Stories 2100,14
link,257,Single Family Cottage 2020,Single Family Cottage 2030,Single Family Cottage 2040,Single Family Cottage 2050,Single Family Cottage 2060,Single Family Cottage 2070,Single Family Cottage 2080,Single Family Cottage 2090,Mixed Use 5 Stories 2100,2
link,258,Single Family Cottage 2020,Single Family Cottage 2030,Single Family Cottage 2040,Single Family Cottage 2050,Single Family Cottage 2060,Single Family Cottage 2070,Single Family Cottage 2080,Single Family Cottage 2090,Mixed Use 8 Stories 2100,1
link,259,Mixed Use 2 Stories 2020,Mixed Use 2 Stories 2030,Mixed Use 2 Stories 2040,Mixed Use 2 Stories 2050,Mixed Use 2 Stories 2060,Mixed Use 2 Stories 2070,Mixed Use 2 Stories 2080,Mixed Use 2 Stories 2090,Mixed Use 2 Stories 2100,3
link,260,Mixed Use 2 Stories 2020,Mixed Use 2 Stories 2030,Mixed Use 2 Stories 2040,Mixed Use 2 Stories 2050,Mixed Use 2 Stories 2060,Mixed Use 2 Stories 2070,Mixed Use 2 Stories 2080,Mixed Use 2 Stories 2090,Mixed Use 8 Stories 2100,1
link,261,Mixed Use 2 Stories 2020,Mixed Use 2 Stories 2030,Mixed Use 2 Stories 2040,Mixed Use 2 Stories 2050,Mixed Use 2 Stories 2060,Mixed Use 2 Stories 2070,Mixed Use 2 Stories 2080,Mixed Use 2 Stories 2090,Mid Rise Office 2100,1
link,262,Low Density Commercial 2020,Low Density Commercial 2030,Low Density Commercial 2040,Low Density Commercial 2050,Low Density Commercial 2060,Low Density Commercial 2070,Low Density Commercial 2080,Low Density Commercial 2090,Mixed Use 2 Stories 2100,7
link,263,Mixed Use 3 Stories 2020,Mixed Use 3 Stories 2030,Mixed Use 3 Stories 2040,Mixed Use 3 Stories 2050,Mixed Use 3 Stories 2060,Mixed Use 3 Stories 2070,Mixed Use 3 Stories 2080,Mixed Use 3 Stories 2090,Mid Rise Office 2100,1
link,264,Mixed Use 3 Stories 2020,Mixed Use 3 Stories 2030,Mixed Use 3 Stories 2040,Mixed Use 3 Stories 2050,Mixed Use 3 Stories 2060,Mixed Use 3 Stories 2070,Mixed Use 3 Stories 2080,Mixed Use 3 Stories 2090,Mixed Use 3 Stories 2100,0
link,265,Multifamily, 6-story 2020,Multifamily, 6-story 2030,Multifamily, 6-story 2040,Multifamily, 6-story 2050,Multifamily, 6-story 2060,Multifamily, 6-story 2070,Multifamily, 6-story 2080,Multifamily, 6-story 2090,Multifamily, 3-story: Sustainable 2100,4
link,266,Multifamily, 6-story 2020,Multifamily, 6-story 2030,Multifamily, 6-story 2040,Multifamily, 6-story 2050,Multifamily, 6-story 2060,Multifamily, 6-story 2070,Multifamily, 6-story 2080,Multifamily, 6-story 2090,Multifamily, 6-story: Sustainable 2100,7
link,267,Multifamily, 3 Story 2020,Multifamily, 3 Story 2030,Multifamily, 3 Story 2040,Multifamily, 3 Story 2050,Multifamily, 3 Story 2060,Multifamily, 3 Story 2070,Multifamily, 3 Story 2080,Multifamily, 3 Story 2090,Multifamily, 3-story: Sustainable 2100,3
link,268,Multifamily, 3 Story 2020,Multifamily, 3 Story 2030,Multifamily, 3 Story 2040,Multifamily, 3 Story 2050,Multifamily, 3 Story 2060,Multifamily, 3 Story 2070,Multifamily, 3 Story 2080,Multifamily, 3 Story 2090,Multifamily, 6-story: Sustainable 2100,3
link,269,Multifamily, 2 Story 2020,Multifamily, 2 Story 2030,Multifamily, 2 Story 2040,Multifamily, 2 Story 2050,Multifamily, 2 Story 2060,Multifamily, 2 Story 2070,Multifamily, 2 Story 2080,Multifamily, 2 Story 2090,Townhome High Density 2100,5
